<?xml version="1.0" encoding="UTF-8" standalone="yes"?>
<ns2:ExportManifest xmlns:ns2="http://www.pentaho.com/schema/">
    <ExportManifestInformation exportDate="15-12-2019 11:21:17 GMT" exportBy="admin" rootFolder="/public/Soccer Challenge/" manifestVersion="2"/>
    <ExportManifestEntity path="SoccerDashboard.xdash">
        <ExportManifestProperty>
            <EntityMetaData name="SoccerDashboard.xdash" createdDate="2019-12-10T16:53:26.655Z" isFolder="false" path="SoccerDashboard.xdash" isHidden="false" isSchedulable="true" locale="pt_PT" description="SoccerDashboard.xdash" title="SoccerDashboard"/>
        </ExportManifestProperty>
        <ExportManifestProperty>
            <EntityAcl>
                <entriesInheriting>true</entriesInheriting>
                <owner>admin</owner>
                <ownerType>USER</ownerType>
            </EntityAcl>
        </ExportManifestProperty>
    </ExportManifestEntity>
</ns2:ExportManifest>
