<?xml version="1.0" encoding="UTF-8" standalone="yes"?>
<ns2:ExportManifest xmlns:ns2="http://www.pentaho.com/schema/">
    <ExportManifestInformation exportDate="15-12-2019 11:21:11 GMT" exportBy="admin" rootFolder="/public/Soccer Challenge/" manifestVersion="2"/>
    <ExportManifestEntity path="ShotAccuracyByLeagueAndSeason.xanalyzer">
        <ExportManifestProperty>
            <EntityMetaData name="ShotAccuracyByLeagueAndSeason.xanalyzer" createdDate="2019-12-10T12:35:00.811Z" isFolder="false" path="ShotAccuracyByLeagueAndSeason.xanalyzer" isHidden="false" isSchedulable="true" locale="pt_PT" title="ShotAccuracyByLeagueAndSeason"/>
        </ExportManifestProperty>
        <ExportManifestProperty>
            <EntityAcl>
                <entriesInheriting>true</entriesInheriting>
                <owner>admin</owner>
                <ownerType>USER</ownerType>
            </EntityAcl>
        </ExportManifestProperty>
    </ExportManifestEntity>
</ns2:ExportManifest>
