
<annotations> 
  <annotation> 
    <name>b3a0a76d-52a4-4bd1-ab50-cfeecbb82986</name>  
    <field/>  
    <type>CREATE_CALCULATED_MEMBER</type>  
    <properties> 
      <property> 
        <name>formatString</name>  
        <value><![CDATA[###0%]]></value> 
      </property>  
      <property> 
        <name>visible</name>  
        <value><![CDATA[true]]></value> 
      </property>  
      <property> 
        <name>hidden</name>  
        <value><![CDATA[false]]></value> 
      </property>  
      <property> 
        <name>formatCategory</name>  
        <value><![CDATA[Percentage (%)]]></value> 
      </property>  
      <property> 
        <name>caption</name>  
        <value><![CDATA[Shot Accuracy]]></value> 
      </property>  
      <property> 
        <name>description</name>  
        <value><![CDATA[Shot Accuracy]]></value> 
      </property>  
      <property> 
        <name>decimalPlaces</name>  
        <value><![CDATA[0]]></value> 
      </property>  
      <property> 
        <name>calculateSubtotals</name>  
        <value><![CDATA[false]]></value> 
      </property>  
      <property> 
        <name>inline</name>  
        <value><![CDATA[true]]></value> 
      </property>  
      <property> 
        <name>name</name>  
        <value><![CDATA[Shot Accuracy]]></value> 
      </property>  
      <property> 
        <name>formula</name>  
        <value><![CDATA[[Measures].[Team shots on target] / [Measures].[Team shots]]]></value> 
      </property>  
      <property> 
        <name>cube</name>  
        <value><![CDATA[Soccer Data]]></value> 
      </property>  
      <property> 
        <name>dimension</name>  
        <value><![CDATA[Measures]]></value> 
      </property> 
    </properties> 
  </annotation>  
  <annotation> 
    <name>6d503c77-0e6f-4024-8408-ace6222e2cd9</name>  
    <field/>  
    <type>CREATE_CALCULATED_MEMBER</type>  
    <properties> 
      <property> 
        <name>visible</name>  
        <value><![CDATA[true]]></value> 
      </property>  
      <property> 
        <name>decimalPlaces</name>  
        <value><![CDATA[0]]></value> 
      </property>  
      <property> 
        <name>calculateSubtotals</name>  
        <value><![CDATA[false]]></value> 
      </property>  
      <property> 
        <name>inline</name>  
        <value><![CDATA[true]]></value> 
      </property>  
      <property> 
        <name>hidden</name>  
        <value><![CDATA[false]]></value> 
      </property>  
      <property> 
        <name>name</name>  
        <value><![CDATA[Points]]></value> 
      </property>  
      <property> 
        <name>formatCategory</name>  
        <value><![CDATA[Default]]></value> 
      </property>  
      <property> 
        <name>caption</name>  
        <value><![CDATA[Points]]></value> 
      </property>  
      <property> 
        <name>description</name>  
        <value><![CDATA[Points]]></value> 
      </property>  
      <property> 
        <name>formula</name>  
        <value><![CDATA[( 3 * [Measures].[Won] ) + [Measures].[Drawn]]]></value> 
      </property>  
      <property> 
        <name>cube</name>  
        <value><![CDATA[Soccer Data]]></value> 
      </property>  
      <property> 
        <name>dimension</name>  
        <value><![CDATA[Measures]]></value> 
      </property> 
    </properties> 
  </annotation>  
  <sharedDimension>N</sharedDimension>  
  <description/> 
</annotations>
