<Schema name="Soccer Data">
  <Dimension name="Time">
    <Hierarchy hasAll="true" primaryKey="id">
      <Table name="date_dim" schema="soccer"/>
      <Level column="date_season" name="Season" type="String" uniqueMembers="false">
      </Level>
      <Level column="date_year" name="Year" type="Numeric" uniqueMembers="false">
      </Level>
      <Level column="date_month" name="Month" type="Numeric" uniqueMembers="false">
      </Level>
      <Level column="date_day" name="Day" type="Numeric" uniqueMembers="false">
      </Level>
    </Hierarchy>
  </Dimension>
  <Dimension name="League">
    <Hierarchy hasAll="true" primaryKey="id">
      <Table name="league_dim" schema="soccer"/>
      <Level column="country" name="Country" type="String" uniqueMembers="false">
      </Level>
      <Level column="league_name" name="League name" type="String" uniqueMembers="false">
      </Level>
    </Hierarchy>
  </Dimension>
  <Dimension name="Team">
    <Hierarchy hasAll="true" primaryKey="id">
      <Table name="team_dim" schema="soccer"/>
      <Level column="country" name="Country" type="String" uniqueMembers="false">
      </Level>
      <Level column="league" name="League" type="String" uniqueMembers="false">
      </Level>
      <Level column="team_name" name="Team name" type="String" uniqueMembers="false">
      </Level>
    </Hierarchy>
  </Dimension>
  <Dimension name="Opponent">
    <Hierarchy hasAll="true" primaryKey="id">
      <Table name="opponent_dim" schema="soccer"/>
      <Level column="country" name="Country" type="String" uniqueMembers="false">
      </Level>
      <Level column="league" name="League" type="String" uniqueMembers="false">
      </Level>
      <Level column="opponent_name" name="Opponent name" type="String" uniqueMembers="false">
      </Level>
    </Hierarchy>
  </Dimension>
  <Cube name="Soccer Data">
    <Table name="soccer_fact" schema="soccer"/>
    <DimensionUsage foreignKey="date_id" name="Time" source="Time"/>
    <DimensionUsage foreignKey="league_id" name="League" source="League"/>
    <DimensionUsage foreignKey="team_id" name="Team" source="Team"/>
    <DimensionUsage foreignKey="opponent_id" name="Opponent" source="Opponent"/>
    <Measure aggregator="sum" column="team_shots" name="Team shots"/>
    <Measure aggregator="sum" column="team_shots_on_target" name="Team shots on target"/>
    <Measure aggregator="sum" column="won" name="Won"/>
    <Measure aggregator="sum" column="drawn" name="Drawn"/>
    <Measure aggregator="sum" column="lost" name="Lost"/>
  <CalculatedMember caption="Shot Accuracy" description="Shot Accuracy" dimension="Measures" formatString="###0%" formula="[Measures].[Team shots on target] / [Measures].[Team shots]" name="Shot Accuracy" visible="true"><Annotations><Annotation name="InlineCreatedInline">true</Annotation><Annotation name="InlineFormatScale">0</Annotation><Annotation name="InlineFormatCategory">Percentage (%)</Annotation><Annotation name="InlineFormulaExpression">[Measures].[Team shots on target] / [Measures].[Team shots]</Annotation><Annotation name="InlineCalcSubtotals">false</Annotation></Annotations><CalculatedMemberProperty name="SOLVE_ORDER" value="0"/></CalculatedMember><CalculatedMember caption="Points" description="Points" dimension="Measures" formatString="" formula="( 3 * [Measures].[Won] ) + [Measures].[Drawn]" name="Points" visible="true"><Annotations><Annotation name="InlineCreatedInline">true</Annotation><Annotation name="InlineFormatScale">0</Annotation><Annotation name="InlineFormatCategory">Default</Annotation><Annotation name="InlineFormulaExpression">( 3 * [Measures].[Won] ) + [Measures].[Drawn]</Annotation><Annotation name="InlineCalcSubtotals">false</Annotation></Annotations><CalculatedMemberProperty name="SOLVE_ORDER" value="0"/></CalculatedMember></Cube>
</Schema>