<Schema name="Soccer Data">
  <Dimension name="Time">
    <Hierarchy hasAll="true" primaryKey="id">
      <Table name="date_dim" schema="soccer"/>
      <Level name="Season" uniqueMembers="false" column="date_season" type="String">
      </Level>
      <Level name="Year" uniqueMembers="false" column="date_year" type="Numeric">
      </Level>
      <Level name="Month" uniqueMembers="false" column="date_month" type="Numeric">
      </Level>
      <Level name="Day" uniqueMembers="false" column="date_day" type="Numeric">
      </Level>
    </Hierarchy>
  </Dimension>
  <Dimension name="League">
    <Hierarchy hasAll="true" primaryKey="id">
      <Table name="league_dim" schema="soccer"/>
      <Level name="Country" uniqueMembers="false" column="country" type="String">
      </Level>
      <Level name="League name" uniqueMembers="false" column="league_name" type="String">
      </Level>
    </Hierarchy>
  </Dimension>
  <Dimension name="Team">
    <Hierarchy hasAll="true" primaryKey="id">
      <Table name="team_dim" schema="soccer"/>
      <Level name="Country" uniqueMembers="false" column="country" type="String">
      </Level>
      <Level name="League" uniqueMembers="false" column="league" type="String">
      </Level>
      <Level name="Team name" uniqueMembers="false" column="team_name" type="String">
      </Level>
    </Hierarchy>
  </Dimension>
  <Dimension name="Opponent">
    <Hierarchy hasAll="true" primaryKey="id">
      <Table name="opponent_dim" schema="soccer"/>
      <Level name="Country" uniqueMembers="false" column="country" type="String">
      </Level>
      <Level name="League" uniqueMembers="false" column="league" type="String">
      </Level>
      <Level name="Opponent name" uniqueMembers="false" column="opponent_name" type="String">
      </Level>
    </Hierarchy>
  </Dimension>
  <Cube name="Soccer Data">
    <Table name="soccer_fact" schema="soccer"/>
    <DimensionUsage name="Time" source="Time" foreignKey="date_id"/>
    <DimensionUsage name="League" source="League" foreignKey="league_id"/>
    <DimensionUsage name="Team" source="Team" foreignKey="team_id"/>
    <DimensionUsage name="Opponent" source="Opponent" foreignKey="opponent_id"/>
    <Measure name="Team shots" column="team_shots" aggregator="sum"/>
    <Measure name="Team shots on target" column="team_shots_on_target" aggregator="sum"/>
    <Measure name="Won" column="won" aggregator="sum"/>
    <Measure name="Drawn" column="drawn" aggregator="sum"/>
    <Measure name="Lost" column="lost" aggregator="sum"/>
  </Cube>
</Schema>